{
	"credit": "Made with Blockbench",
	"parent": "minecraft:block/template_piston",
	"textures": {
		"0": "mysticaloaktree:block/wise_oak",
		"1": "mysticaloaktree:block/wise_oak_right",
		"2": "mysticaloaktree:block/wise_oak_left",
		"3": "mysticaloaktree:block/wise_oak_butt",
		"4": "block/oak_log_top",
		"5": "mysticaloaktree:block/wise_tree_eyes",
		"particle": "mysticaloaktree:block/wise_oak"
	},
	"elements": [
		{
			"from": [0, 0, 0],
			"to": [16, 16, 16],
			"faces": {
				"north": {"uv": [0, 0, 16, 16], "texture": "#0"},
				"east": {"uv": [0, 0, 16, 16], "texture": "#2"},
				"south": {"uv": [0, 0, 16, 16], "texture": "#3"},
				"west": {"uv": [0, 0, 16, 16], "texture": "#1"},
				"up": {"uv": [0, 0, 16, 16], "texture": "#4"},
				"down": {"uv": [0, 0, 16, 16], "texture": "#4"}
			}
		},
		{
			"from": [0, 0, 0],
			"to": [16, 16, 0],
			"faces": {
				"north": {"uv": [0, 0, 16, 16],"emissivity": 10, "texture": "#5"}
			}
		}
	]
}